{"kind": "agexses", "nbands": 6, "nses": 3, "ntypes": 18, "age_bands": [[18, 25], [26, 30], [31, 35], [36, 42], [43, 52], [53, 70]], "ses_edges_men": [27.27, 59.88], "ses_edges_women": [25.35, 49.8], "weights_men": {"income": 0.7942386831275721, "education": 0.205761316872428}, "weights_women": {"income": 0.6363636363636364, "education": 0.3636363636363636}, "pi": [[-4.7876, -4.9925, -5.8848, -6.1459, -6.41, -7.0621, -7.3496, -9.0246, -10.3001, -9.3187, -9.3899, -8.9974, -10.8618, -8.9558, -9.2645, -11.7044, -8.7903, -10.6272], [-3.9041, -3.4332, -4.0069, -5.0143, -4.8186, -5.0588, -6.7328, -6.8131, -7.8394, -7.729, -9.4656, -7.9532, -7.4632, -10.0103, -14.5236, -10.18, -10.0471, -9.4952], [-4.788, -4.0628, -3.5266, -5.3509, -5.2049, -5.1522, -6.8107, -9.7661, -7.6303, -8.6145, -8.4934, -8.4838, -13.5929, -9.3774, -9.4099, -10.0658, -14.0134, -9.6221], [-4.8044, -5.1098, -5.3709, -3.3388, -3.7401, -3.8729, -4.3953, -5.0216, -5.4219, -6.2195, -5.8918, -7.4106, -7.5009, -7.75, -8.4791, -7.912, -8.9934, -10.603], [-4.3733, -3.9311, -4.1019, -2.6076, -2.3774, -2.4638, -3.9168, -3.9114, -4.1603, -6.1296, -5.6932, -6.0161, -6.844, -7.3791, -7.5733, -8.0509, -10.0056, -10.6192], [-5.1077, -4.4121, -3.8269, -2.8427, -2.4452, -1.6594, -4.4106, -3.9633, -3.3708, -7.2775, -5.9647, -5.3757, -9.9337, -7.0727, -9.2989, -10.3661, -9.957, -10.2479], [-5.8056, -6.3017, -7.0277, -3.5475, -3.9101, -4.4878, -2.7739, -3.0844, -3.2124, -4.0369, -4.3748, -4.5455, -5.633, -5.7136, -6.8737, -7.6055, -8.8603, -8.4726], [-5.5374, -5.5767, -5.8056, -2.6407, -2.8486, -2.922, -2.0588, -1.9287, -1.8866, -3.6556, -3.3938, -3.6115, -5.3895, -5.4351, -5.6675, -8.0956, -7.8777, -7.9647], [-6.4629, -5.9659, -5.6619, -3.057, -2.5612, -2.0499, -2.0884, -1.4542, -0.7125, -3.7427, -3.2832, -2.5732, -5.8575, -5.5514, -5.7233, -7.4009, -9.3764, -9.573], [-6.664, -7.3952, -9.3747, -4.1696, -5.0741, -5.6691, -2.7048, -3.2855, -3.6122, -2.0762, -2.5152, -2.6329, -3.5615, -4.1638, -4.3711, -6.3445, -7.08, -7.6332], [-6.2874, -6.7285, -7.0155, -3.8889, -3.8938, -4.5745, -2.2466, -2.2889, -2.3314, -1.5173, -1.5122, -1.4614, -3.2295, -3.2968, -3.3319, -6.0852, -6.6156, -6.4325], [-7.0906, -6.7546, -6.9677, -4.135, -3.7797, -3.7101, -2.2727, -1.7875, -1.2565, -1.5426, -0.7055, -0.2012, -3.4566, -2.9234, -2.4027, -6.8255, -6.5306, -6.5803], [-7.4617, -8.4346, -13.9607, -5.2, -6.5694, -7.9861, -4.0617, -4.8567, -5.0432, -2.4305, -2.8596, -2.9891, -1.7067, -2.1981, -2.191, -3.7719, -4.3691, -4.5255], [-7.4566, -7.5089, -13.9369, -5.2056, -5.6045, -5.9258, -3.6557, -3.7876, -4.3832, -1.9194, -1.9391, -2.0815, -1.1969, -1.1957, -1.2154, -3.362, -3.3731, -3.6285], [-7.4793, -8.718, -8.0846, -5.7385, -5.541, -5.8333, -3.768, -3.6725, -3.322, -1.9872, -1.4346, -1.0146, -1.2261, -0.4686, -0.0269, -3.6189, -3.0421, -2.6532], [-8.5683, -14.8684, -14.2943, -6.6914, -8.5997, -8.4686, -5.9044, -6.6483, -7.6249, -4.3033, -4.9786, -5.2003, -2.3943, -2.9865, -3.001, -1.1456, -1.5237, -1.7662], [-8.8301, -8.601, -8.1315, -6.2859, -7.7819, -8.4641, -6.0519, -5.8102, -6.694, -3.9474, -4.1524, -4.5665, -1.9753, -1.9785, -2.1922, -0.8352, -0.7678, -0.9782], [-8.8029, -8.8711, -8.7912, -7.5729, -6.8126, -7.7008, -5.6221, -5.5921, -6.0647, -4.1256, -4.0832, -3.7447, -2.1353, -1.5878, -1.214, -0.8498, -0.3345, -0.1989]], "m_nat": [7157467.5, 2549657.0, 553523.5, 1935893.5, 2739695.0, 1828641.5, 1658775.0, 2556676.0, 2565326.5, 2013003.5, 3034697.5, 3960592.0, 2550803.0, 3643831.0, 5237655.0, 5557161.5, 6354097.0, 7121153.5], "f_nat": [5818215.5, 2999728.0, 989274.0, 1586455.5, 2374790.0, 2462601.5, 1691267.0, 2267620.5, 2807242.5, 2328713.5, 2993630.0, 3893416.5, 3116582.5, 3730575.0, 4943964.0, 6343334.0, 6746766.0, 6364197.5], "metros": {"San Jose / Silicon Valley, CA": {"m": [70749.0, 22400.0, 11607.0, 13733.0, 22468.0, 43986.0, 12520.0, 17732.0, 54293.0, 12260.0, 19403.0, 65750.0, 18243.0, 28364.0, 79158.0, 43821.0, 47194.0, 98594.0], "f": [50741.0, 30638.0, 14906.0, 7914.0, 18275.0, 41720.0, 9736.0, 20088.0, 40970.0, 14798.0, 25582.0, 50815.0, 22400.0, 35639.0, 63580.0, 48023.0, 64434.0, 77196.0], "n": 13969}, "San Francisco, CA": {"m": [38413.0, 12606.0, 13598.0, 10193.0, 16750.0, 39656.0, 9770.0, 14223.0, 49724.0, 15578.0, 16384.0, 52433.0, 22042.0, 24687.0, 62872.0, 50410.0, 39526.0, 78949.0], "f": [29737.0, 15227.0, 16549.0, 5754.0, 11862.0, 42891.0, 6399.0, 13481.0, 46121.0, 11512.0, 19301.0, 54262.0, 20667.0, 25983.0, 52019.0, 40223.0, 46729.0, 76061.0], "n": 11676}, "Seattle, WA": {"m": [62972.0, 29290.0, 20063.0, 18089.0, 29437.0, 55610.0, 15991.0, 28128.0, 73052.0, 18378.0, 30314.0, 87538.0, 24422.0, 34333.0, 96670.0, 43245.0, 58860.0, 114942.0], "f": [48079.0, 34948.0, 24783.0, 13669.0, 29855.0, 50954.0, 15840.0, 26226.0, 59948.0, 17427.0, 38649.0, 74753.0, 19838.0, 39777.0, 82573.0, 45639.0, 76604.0, 94236.0], "n": 15715}, "Denver, CO": {"m": [19347.0, 12745.0, 4867.0, 6994.0, 20527.0, 18873.0, 7218.0, 10573.0, 25106.0, 7693.0, 14912.0, 27749.0, 7551.0, 11867.0, 27303.0, 18636.0, 18988.0, 24266.0], "f": [15762.0, 14870.0, 10864.0, 3242.0, 11181.0, 28865.0, 3281.0, 10665.0, 26539.0, 7360.0, 9893.0, 27945.0, 8943.0, 10347.0, 22581.0, 14825.0, 18384.0, 24202.0], "n": 4983}, "Austin, TX": {"m": [42009.0, 20526.0, 8029.0, 10277.0, 23799.0, 34050.0, 12139.0, 23412.0, 34417.0, 12314.0, 28074.0, 51544.0, 10443.0, 24937.0, 53413.0, 25807.0, 35789.0, 55135.0], "f": [36450.0, 21069.0, 15720.0, 6715.0, 19375.0, 34625.0, 7556.0, 19661.0, 33952.0, 11134.0, 22095.0, 41268.0, 17978.0, 26330.0, 45066.0, 25280.0, 39853.0, 50349.0], "n": 8566}, "Portland, OR": {"m": [20617.0, 11527.0, 3073.0, 7951.0, 14343.0, 9958.0, 11559.0, 10623.0, 15767.0, 8022.0, 18098.0, 23454.0, 11720.0, 17032.0, 25792.0, 22475.0, 25971.0, 31991.0], "f": [17958.0, 13353.0, 4948.0, 6839.0, 13777.0, 14272.0, 4683.0, 12034.0, 20519.0, 8586.0, 12530.0, 25454.0, 9792.0, 17361.0, 29220.0, 20327.0, 28441.0, 29239.0], "n": 5621}, "San Diego, CA": {"m": [139610.0, 46312.0, 10276.0, 35933.0, 48430.0, 44027.0, 29296.0, 51283.0, 61056.0, 32459.0, 52052.0, 89877.0, 38528.0, 50930.0, 110804.0, 88289.0, 96333.0, 136706.0], "f": [97890.0, 52786.0, 17141.0, 22753.0, 45930.0, 54504.0, 25559.0, 38711.0, 62900.0, 35562.0, 52719.0, 73990.0, 49804.0, 61124.0, 83335.0, 102781.0, 106780.0, 120596.0], "n": 23615}, "Phoenix, AZ": {"m": [160959.0, 80990.0, 14311.0, 47141.0, 80915.0, 45187.0, 37283.0, 68726.0, 62978.0, 39585.0, 79327.0, 95946.0, 60138.0, 90709.0, 133834.0, 117515.0, 148883.0, 178990.0], "f": [132634.0, 81021.0, 26011.0, 40558.0, 67635.0, 53779.0, 44047.0, 63154.0, 63353.0, 56218.0, 62328.0, 89208.0, 78364.0, 87696.0, 119173.0, 142885.0, 165597.0, 157691.0], "n": 28507}, "Dallas, TX": {"m": [101409.0, 40470.0, 11944.0, 33529.0, 41526.0, 32697.0, 23264.0, 43100.0, 33849.0, 29630.0, 52447.0, 53318.0, 38383.0, 59788.0, 54138.0, 80182.0, 84288.0, 70680.0], "f": [80077.0, 46035.0, 20091.0, 30561.0, 38638.0, 42636.0, 29057.0, 33885.0, 38355.0, 41527.0, 43028.0, 43856.0, 59853.0, 44580.0, 55312.0, 92673.0, 77374.0, 74585.0], "n": 15781}, "Houston, TX": {"m": [189786.0, 62837.0, 13780.0, 61841.0, 74567.0, 41416.0, 56144.0, 76759.0, 60677.0, 65363.0, 85971.0, 97518.0, 77012.0, 112283.0, 124811.0, 138340.0, 147350.0, 132426.0], "f": [160378.0, 77158.0, 22185.0, 65470.0, 68386.0, 55247.0, 59421.0, 59667.0, 66397.0, 77947.0, 79515.0, 90977.0, 111538.0, 90852.0, 109656.0, 182451.0, 147131.0, 112017.0], "n": 26414}, "Los Angeles, CA": {"m": [366892.0, 103583.0, 27559.0, 127726.0, 151343.0, 98911.0, 112019.0, 143939.0, 131745.0, 135815.0, 169090.0, 194164.0, 179958.0, 199095.0, 244491.0, 360648.0, 318648.0, 319849.0], "f": [289968.0, 156300.0, 55355.0, 87181.0, 143482.0, 125685.0, 96028.0, 124833.0, 159989.0, 148225.0, 141475.0, 190773.0, 222858.0, 174347.0, 231401.0, 440344.0, 304205.0, 304046.0], "n": 68950},